{
  "schemaVersion": "1.2.0",
  "privateMutations": {
    "enabled": true,
    "typical": 8,
    "cutoff": 24,
    "weightLabeledSubstitutions": 4,
    "weightReversionSubstitutions": 6,
    "weightUnlabeledSubstitutions": 1
  },
  "missingData": {
    "enabled": true,
    "missingDataThreshold": 2700,
    "scoreBias": 300
  },
  "snpClusters": {
    "enabled": true,
    "windowSize": 100,
    "clusterCutOff": 6,
    "scoreWeight": 50
  },
  "mixedSites": {
    "enabled": true,
    "mixedSitesThreshold": 10
  },
  "frameShifts": {
    "enabled": true,
    "ignoredFrameShifts": [
      { "geneName": "S", "codonRange": {"begin": 141, "end": 143 } },
      { "geneName": "S", "codonRange": {"begin": 210, "end": 214 } },
      { "geneName": "S", "codonRange": {"begin": 211, "end": 214 } },
      { "geneName": "S", "codonRange": {"begin": 212, "end": 214 } },
      { "geneName": "E", "codonRange": {"begin": 74, "end": 76 } },
      { "geneName": "ORF3a", "codonRange": {"begin": 1, "end": 276 } },
      { "geneName": "ORF3a", "codonRange": {"begin": 15, "end": 276 } },
      { "geneName": "ORF3a", "codonRange": {"begin": 27, "end": 276 } },
      { "geneName": "ORF3a", "codonRange": {"begin": 28, "end": 276 } },
      { "geneName": "ORF3a", "codonRange": {"begin": 28, "end": 42 } },
      { "geneName": "ORF3a", "codonRange": {"begin": 47, "end": 276 } },
      { "geneName": "ORF3a", "codonRange": {"begin": 56, "end": 276 } },
      { "geneName": "ORF3a", "codonRange": {"begin": 65, "end": 276 } },
      { "geneName": "ORF3a", "codonRange": {"begin": 94, "end": 276 } },
      { "geneName": "ORF3a", "codonRange": {"begin": 103, "end": 276 } },
      { "geneName": "ORF3a", "codonRange": {"begin": 104, "end": 276 } },
      { "geneName": "ORF3a", "codonRange": {"begin": 135, "end": 276 } },
      { "geneName": "ORF3a", "codonRange": {"begin": 146, "end": 276 } },
      { "geneName": "ORF3a", "codonRange": {"begin": 147, "end": 276 } },
      { "geneName": "ORF3a", "codonRange": {"begin": 148, "end": 276 } },
      { "geneName": "ORF3a", "codonRange": { "begin": 256, "end": 276 } },
      { "geneName": "ORF3a", "codonRange": {"begin": 249, "end": 276 } },
      { "geneName": "ORF3a", "codonRange": { "begin": 257, "end": 276 } },
      { "geneName": "ORF3a", "codonRange": { "begin": 258, "end": 276 } },
      { "geneName": "ORF3a", "codonRange": { "begin": 259, "end": 276 } },
      { "geneName": "ORF3a", "codonRange": {"begin": 260, "end": 276 } },
      { "geneName": "ORF3a", "codonRange": {"begin": 263, "end": 276 } },
      { "geneName": "ORF3a", "codonRange": {"begin": 264, "end": 276 } },
      { "geneName": "ORF6", "codonRange": {"begin": 2, "end": 62 } },
      { "geneName": "ORF6", "codonRange": {"begin": 3, "end": 62 } },
      { "geneName": "ORF6", "codonRange": {"begin": 7, "end": 62 } },
      { "geneName": "ORF6", "codonRange": {"begin": 8, "end": 62 } },
      { "geneName": "ORF6", "codonRange": {"begin": 10, "end": 62 } },
      { "geneName": "ORF6", "codonRange": {"begin": 22, "end": 62 } },
      { "geneName": "ORF6", "codonRange": {"begin": 23, "end": 62 } },
      { "geneName": "ORF6", "codonRange": {"begin": 27, "end": 62 } },
      { "geneName": "ORF6", "codonRange": {"begin": 28, "end": 62 } },
      { "geneName": "ORF6", "codonRange": {"begin": 29, "end": 62 } },
      { "geneName": "ORF6", "codonRange": { "begin": 30, "end": 62 } },
      { "geneName": "ORF6", "codonRange": { "begin": 31, "end": 62 } },
      { "geneName": "ORF6", "codonRange": { "begin": 32, "end": 62 } },
      { "geneName": "ORF6", "codonRange": { "begin": 33, "end": 62 } },
      { "geneName": "ORF6", "codonRange": { "begin": 34, "end": 62 } },
      { "geneName": "ORF6", "codonRange": { "begin": 35, "end": 62 } },
      { "geneName": "ORF6", "codonRange": { "begin": 37, "end": 62 } },
      { "geneName": "ORF6", "codonRange": { "begin": 38, "end": 62 } },
      { "geneName": "ORF6", "codonRange": { "begin": 57, "end": 62 } },
      { "geneName": "ORF6", "codonRange": { "begin": 58, "end": 62 } },
      { "geneName": "ORF6", "codonRange": { "begin": 59, "end": 62 } },
      { "geneName": "ORF6", "codonRange": { "begin": 60, "end": 62 } },
      { "geneName": "ORF6", "codonRange": { "begin": 61, "end": 62 } },
      { "geneName": "ORF7a", "codonRange": { "begin": 4, "end": 122 } },
      { "geneName": "ORF7a", "codonRange": { "begin": 23, "end": 122 } },
      { "geneName": "ORF7a", "codonRange": { "begin": 39, "end": 122 } },
      { "geneName": "ORF7a", "codonRange": { "begin": 40, "end": 122 } },
      { "geneName": "ORF7a", "codonRange": { "begin": 46, "end": 122 } },
      { "geneName": "ORF7a", "codonRange": { "begin": 47, "end": 122 } },
      { "geneName": "ORF7a", "codonRange": { "begin": 53, "end": 122 } },
      { "geneName": "ORF7a", "codonRange": { "begin": 54, "end": 122 } },
      { "geneName": "ORF7a", "codonRange": { "begin": 54, "end": 65 } },
      { "geneName": "ORF7a", "codonRange": { "begin": 59, "end": 122 } },
      { "geneName": "ORF7a", "codonRange": { "begin": 60, "end": 122 } },
      { "geneName": "ORF7a", "codonRange": { "begin": 61, "end": 122 } },
      { "geneName": "ORF7a", "codonRange": { "begin": 61, "end": 98 } },
      { "geneName": "ORF7a", "codonRange": { "begin": 62, "end": 122 } },
      { "geneName": "ORF7a", "codonRange": { "begin": 63, "end": 122 } },
      { "geneName": "ORF7a", "codonRange": { "begin": 64, "end": 122 } },
      { "geneName": "ORF7a", "codonRange": { "begin": 65, "end": 122 } },
      { "geneName": "ORF7a", "codonRange": { "begin": 66, "end": 122 } },
      { "geneName": "ORF7a", "codonRange": { "begin": 67, "end": 122 } },
      { "geneName": "ORF7a", "codonRange": { "begin": 68, "end": 122 } },
      { "geneName": "ORF7a", "codonRange": { "begin": 69, "end": 122 } },
      { "geneName": "ORF7a", "codonRange": { "begin": 70, "end": 122 } },
      { "geneName": "ORF7a", "codonRange": { "begin": 71, "end": 122 } },
      { "geneName": "ORF7a", "codonRange": { "begin": 72, "end": 122 } },
      { "geneName": "ORF7a", "codonRange": { "begin": 73, "end": 122 } },
      { "geneName": "ORF7a", "codonRange": { "begin": 74, "end": 122 } },
      { "geneName": "ORF7a", "codonRange": { "begin": 75, "end": 122 } },
      { "geneName": "ORF7a", "codonRange": { "begin": 76, "end": 122 } },
      { "geneName": "ORF7a", "codonRange": { "begin": 77, "end": 122 } },
      { "geneName": "ORF7a", "codonRange": { "begin": 78, "end": 122 } },
      { "geneName": "ORF7a", "codonRange": { "begin": 79, "end": 122 } },
      { "geneName": "ORF7a", "codonRange": { "begin": 80, "end": 122 } },
      { "geneName": "ORF7a", "codonRange": { "begin": 81, "end": 122 } },
      { "geneName": "ORF7a", "codonRange": { "begin": 82, "end": 122 } },
      { "geneName": "ORF7a", "codonRange": { "begin": 83, "end": 122 } },
      { "geneName": "ORF7a", "codonRange": { "begin": 84, "end": 122 } },
      { "geneName": "ORF7a", "codonRange": { "begin": 85, "end": 122 } },
      { "geneName": "ORF7a", "codonRange": { "begin": 86, "end": 122 } },
      { "geneName": "ORF7a", "codonRange": { "begin": 87, "end": 122 } },
      { "geneName": "ORF7a", "codonRange": { "begin": 88, "end": 122 } },
      { "geneName": "ORF7a", "codonRange": { "begin": 89, "end": 122 } },
      { "geneName": "ORF7a", "codonRange": { "begin": 90, "end": 122 } },
      { "geneName": "ORF7a", "codonRange": { "begin": 91, "end": 122 } },
      { "geneName": "ORF7a", "codonRange": { "begin": 92, "end": 122 } },
      { "geneName": "ORF7a", "codonRange": { "begin": 93, "end": 122 } },
      { "geneName": "ORF7a", "codonRange": { "begin": 94, "end": 122 } },
      { "geneName": "ORF7a", "codonRange": { "begin": 95, "end": 122 } },
      { "geneName": "ORF7a", "codonRange": { "begin": 96, "end": 122 } },
      { "geneName": "ORF7a", "codonRange": { "begin": 97, "end": 122 } },
      { "geneName": "ORF7a", "codonRange": { "begin": 98, "end": 122 } },
      { "geneName": "ORF7a", "codonRange": { "begin": 99, "end": 122 } },
      { "geneName": "ORF7a", "codonRange": { "begin": 100, "end": 122 } },
      { "geneName": "ORF7a", "codonRange": { "begin": 101, "end": 122 } },
      { "geneName": "ORF7a", "codonRange": { "begin": 102, "end": 122 } },
      { "geneName": "ORF7a", "codonRange": { "begin": 103, "end": 122 } },
      { "geneName": "ORF7a", "codonRange": { "begin": 104, "end": 122 } },
      { "geneName": "ORF7a", "codonRange": { "begin": 105, "end": 122 } },
      { "geneName": "ORF7a", "codonRange": { "begin": 106, "end": 122 } },
      { "geneName": "ORF7a", "codonRange": { "begin": 107, "end": 122 } },
      { "geneName": "ORF7a", "codonRange": { "begin": 108, "end": 122 } },
      { "geneName": "ORF7a", "codonRange": { "begin": 109, "end": 122 } },
      { "geneName": "ORF7a", "codonRange": { "begin": 110, "end": 122 } },
      { "geneName": "ORF7a", "codonRange": { "begin": 111, "end": 122 } },
      { "geneName": "ORF7a", "codonRange": { "begin": 112, "end": 122 } },
      { "geneName": "ORF7a", "codonRange": { "begin": 113, "end": 122 } },
      { "geneName": "ORF7a", "codonRange": { "begin": 114, "end": 122 } },
      { "geneName": "ORF7a", "codonRange": { "begin": 115, "end": 122 } },
      { "geneName": "ORF7a", "codonRange": { "begin": 116, "end": 122 } },
      { "geneName": "ORF7a", "codonRange": { "begin": 117, "end": 122 } },
      { "geneName": "ORF7a", "codonRange": { "begin": 118, "end": 122 } },
      { "geneName": "ORF7a", "codonRange": { "begin": 119, "end": 122 } },
      { "geneName": "ORF7a", "codonRange": { "begin": 120, "end": 122 } },
      { "geneName": "ORF7a", "codonRange": { "begin": 121, "end": 122 } },
      { "geneName": "ORF7a", "codonRange": { "begin": 122, "end": 122 } },
      { "geneName": "ORF7b", "codonRange": { "begin": 3, "end": 44 } },
      { "geneName": "ORF7b", "codonRange": { "begin": 12, "end": 44 } },
      { "geneName": "ORF7b", "codonRange": { "begin": 13, "end": 44 } },
      { "geneName": "ORF7b", "codonRange": { "begin": 14, "end": 44 } },
      { "geneName": "ORF7b", "codonRange": { "begin": 16, "end": 44 } },
      { "geneName": "ORF7b", "codonRange": { "begin": 22, "end": 44 } },
      { "geneName": "ORF7b", "codonRange": { "begin": 41, "end": 44 } },
      { "geneName": "ORF7b", "codonRange": { "begin": 42, "end": 44 } },
      { "geneName": "ORF8", "codonRange": { "begin": 3, "end": 122 } },
      { "geneName": "ORF8", "codonRange": { "begin": 4, "end": 122 } },
      { "geneName": "ORF8", "codonRange": { "begin": 5, "end": 122 } },
      { "geneName": "ORF8", "codonRange": { "begin": 6, "end": 122 } },
      { "geneName": "ORF8", "codonRange": { "begin": 21, "end": 122 } },
      { "geneName": "ORF8", "codonRange": { "begin": 32, "end": 122 } },
      { "geneName": "ORF8", "codonRange": { "begin": 44, "end": 122 } },
      { "geneName": "ORF8", "codonRange": { "begin": 45, "end": 122 } },
      { "geneName": "ORF8", "codonRange": { "begin": 46, "end": 122 } },
      { "geneName": "ORF8", "codonRange": { "begin": 47, "end": 122 } },
      { "geneName": "ORF8", "codonRange": { "begin": 53, "end": 122 } },
      { "geneName": "ORF8", "codonRange": { "begin": 58, "end": 122 } },
      { "geneName": "ORF8", "codonRange": { "begin": 59, "end": 122 } },
      { "geneName": "ORF8", "codonRange": { "begin": 62, "end": 122 } },
      { "geneName": "ORF8", "codonRange": { "begin": 63, "end": 122 } },
      { "geneName": "ORF8", "codonRange": { "begin": 64, "end": 122 } },
      { "geneName": "ORF8", "codonRange": { "begin": 65, "end": 122 } },
      { "geneName": "ORF8", "codonRange": { "begin": 66, "end": 122 } },
      { "geneName": "ORF8", "codonRange": { "begin": 67, "end": 122 } },
      { "geneName": "ORF8", "codonRange": { "begin": 68, "end": 122 } },
      { "geneName": "ORF8", "codonRange": { "begin": 69, "end": 122 } },
      { "geneName": "ORF8", "codonRange": { "begin": 70, "end": 122 } },
      { "geneName": "ORF8", "codonRange": { "begin": 71, "end": 122 } },
      { "geneName": "ORF8", "codonRange": { "begin": 72, "end": 122 } },
      { "geneName": "ORF8", "codonRange": { "begin": 73, "end": 122 } },
      { "geneName": "ORF8", "codonRange": { "begin": 74, "end": 122 } },
      { "geneName": "ORF8", "codonRange": { "begin": 75, "end": 122 } },
      { "geneName": "ORF8", "codonRange": { "begin": 76, "end": 122 } },
      { "geneName": "ORF8", "codonRange": { "begin": 77, "end": 122 } },
      { "geneName": "ORF8", "codonRange": { "begin": 78, "end": 122 } },
      { "geneName": "ORF8", "codonRange": { "begin": 79, "end": 122 } },
      { "geneName": "ORF8", "codonRange": { "begin": 80, "end": 122 } },
      { "geneName": "ORF8", "codonRange": { "begin": 81, "end": 122 } },
      { "geneName": "ORF8", "codonRange": { "begin": 82, "end": 122 } },
      { "geneName": "ORF8", "codonRange": { "begin": 83, "end": 122 } },
      { "geneName": "ORF8", "codonRange": { "begin": 84, "end": 122 } },
      { "geneName": "ORF8", "codonRange": { "begin": 85, "end": 122 } },
      { "geneName": "ORF8", "codonRange": { "begin": 86, "end": 122 } },
      { "geneName": "ORF8", "codonRange": { "begin": 87, "end": 122 } },
      { "geneName": "ORF8", "codonRange": { "begin": 88, "end": 122 } },
      { "geneName": "ORF8", "codonRange": { "begin": 89, "end": 122 } },
      { "geneName": "ORF8", "codonRange": { "begin": 90, "end": 122 } },
      { "geneName": "ORF8", "codonRange": { "begin": 91, "end": 122 } },
      { "geneName": "ORF8", "codonRange": { "begin": 92, "end": 122 } },
      { "geneName": "ORF8", "codonRange": { "begin": 93, "end": 122 } },
      { "geneName": "ORF8", "codonRange": { "begin": 94, "end": 122 } },
      { "geneName": "ORF8", "codonRange": { "begin": 95, "end": 122 } },
      { "geneName": "ORF8", "codonRange": { "begin": 96, "end": 122 } },
      { "geneName": "ORF8", "codonRange": { "begin": 97, "end": 122 } },
      { "geneName": "ORF8", "codonRange": { "begin": 98, "end": 122 } },
      { "geneName": "ORF8", "codonRange": { "begin": 99, "end": 122 } },
      { "geneName": "ORF8", "codonRange": { "begin": 100, "end": 122 } },
      { "geneName": "ORF8", "codonRange": { "begin": 101, "end": 122 } },
      { "geneName": "ORF8", "codonRange": { "begin": 102, "end": 122 } },
      { "geneName": "ORF8", "codonRange": { "begin": 103, "end": 122 } },
      { "geneName": "ORF8", "codonRange": { "begin": 104, "end": 122 } },
      { "geneName": "ORF8", "codonRange": { "begin": 105, "end": 122 } },
      { "geneName": "ORF8", "codonRange": { "begin": 106, "end": 122 } },
      { "geneName": "ORF8", "codonRange": { "begin": 107, "end": 122 } },
      { "geneName": "ORF8", "codonRange": { "begin": 108, "end": 122 } },
      { "geneName": "ORF8", "codonRange": { "begin": 109, "end": 122 } },
      { "geneName": "ORF8", "codonRange": { "begin": 110, "end": 122 } },
      { "geneName": "ORF8", "codonRange": { "begin": 111, "end": 122 } },
      { "geneName": "ORF8", "codonRange": { "begin": 112, "end": 122 } },
      { "geneName": "ORF8", "codonRange": { "begin": 113, "end": 122 } },
      { "geneName": "ORF8", "codonRange": { "begin": 114, "end": 122 } },
      { "geneName": "ORF8", "codonRange": { "begin": 115, "end": 122 } },
      { "geneName": "ORF8", "codonRange": { "begin": 116, "end": 120 } },
      { "geneName": "ORF8", "codonRange": { "begin": 118, "end": 120 } },
      { "geneName": "ORF8", "codonRange": { "begin": 119, "end": 120 } },
      { "geneName": "ORF8", "codonRange": { "begin": 116, "end": 122 } },
      { "geneName": "ORF8", "codonRange": { "begin": 117, "end": 122 } },
      { "geneName": "ORF8", "codonRange": { "begin": 118, "end": 122 } },
      { "geneName": "ORF8", "codonRange": { "begin": 119, "end": 122 } },
      { "geneName": "ORF8", "codonRange": { "begin": 120, "end": 122 } },
      { "geneName": "ORF8", "codonRange": { "begin": 121, "end": 122 } },
      { "geneName": "ORF9b", "codonRange": { "begin": 2, "end": 98 } },
      { "geneName": "ORF9b", "codonRange": { "begin": 3, "end": 98 } },
      { "geneName": "ORF9b", "codonRange": { "begin": 4, "end": 98 } },
      { "geneName": "ORF9b", "codonRange": { "begin": 5, "end": 98 } },
      { "geneName": "ORF9b", "codonRange": { "begin": 6, "end": 98 } },
      { "geneName": "ORF9b", "codonRange": { "begin": 7, "end": 98 } },
      { "geneName": "ORF9b", "codonRange": { "begin": 8, "end": 98 } },
      { "geneName": "ORF9b", "codonRange": { "begin": 9, "end": 98 } },
      { "geneName": "ORF9b", "codonRange": { "begin": 10, "end": 98 } },
      { "geneName": "ORF9b", "codonRange": { "begin": 11, "end": 98 } },
      { "geneName": "ORF9b", "codonRange": { "begin": 12, "end": 98 } },
      { "geneName": "ORF9b", "codonRange": { "begin": 13, "end": 98 } },
      { "geneName": "ORF9b", "codonRange": { "begin": 14, "end": 98 } },
      { "geneName": "ORF9b", "codonRange": { "begin": 15, "end": 98 } },
      { "geneName": "ORF9b", "codonRange": { "begin": 16, "end": 98 } },
      { "geneName": "ORF9b", "codonRange": { "begin": 17, "end": 98 } },
      { "geneName": "ORF9b", "codonRange": { "begin": 18, "end": 98 } },
      { "geneName": "ORF9b", "codonRange": { "begin": 19, "end": 98 } },
      { "geneName": "ORF9b", "codonRange": { "begin": 20, "end": 98 } },
      { "geneName": "ORF9b", "codonRange": { "begin": 21, "end": 98 } },
      { "geneName": "ORF9b", "codonRange": { "begin": 22, "end": 98 } },
      { "geneName": "ORF9b", "codonRange": { "begin": 23, "end": 98 } },
      { "geneName": "ORF9b", "codonRange": { "begin": 24, "end": 98 } },
      { "geneName": "ORF9b", "codonRange": { "begin": 25, "end": 98 } },
      { "geneName": "ORF9b", "codonRange": { "begin": 26, "end": 98 } },
      { "geneName": "ORF9b", "codonRange": { "begin": 27, "end": 98 } },
      { "geneName": "ORF9b", "codonRange": { "begin": 28, "end": 98 } },
      { "geneName": "ORF9b", "codonRange": { "begin": 29, "end": 98 } },
      { "geneName": "ORF9b", "codonRange": { "begin": 29, "end": 33 } },
      { "geneName": "ORF9b", "codonRange": { "begin": 30, "end": 98 } },
      { "geneName": "ORF9b", "codonRange": { "begin": 31, "end": 98 } },
      { "geneName": "ORF9b", "codonRange": { "begin": 32, "end": 98 } },
      { "geneName": "ORF9b", "codonRange": { "begin": 33, "end": 98 } },
      { "geneName": "ORF9b", "codonRange": { "begin": 34, "end": 98 } },
      { "geneName": "ORF9b", "codonRange": { "begin": 35, "end": 98 } },
      { "geneName": "ORF9b", "codonRange": { "begin": 36, "end": 98 } },
      { "geneName": "ORF9b", "codonRange": { "begin": 37, "end": 98 } },
      { "geneName": "ORF9b", "codonRange": { "begin": 38, "end": 98 } },
      { "geneName": "ORF9b", "codonRange": { "begin": 39, "end": 98 } },
      { "geneName": "ORF9b", "codonRange": { "begin": 40, "end": 98 } },
      { "geneName": "ORF9b", "codonRange": { "begin": 41, "end": 98 } },
      { "geneName": "ORF9b", "codonRange": { "begin": 42, "end": 98 } },
      { "geneName": "ORF9b", "codonRange": { "begin": 43, "end": 98 } },
      { "geneName": "ORF9b", "codonRange": { "begin": 44, "end": 98 } },
      { "geneName": "ORF9b", "codonRange": { "begin": 45, "end": 98 } },
      { "geneName": "ORF9b", "codonRange": { "begin": 46, "end": 98 } },
      { "geneName": "ORF9b", "codonRange": { "begin": 47, "end": 98 } },
      { "geneName": "ORF9b", "codonRange": { "begin": 48, "end": 98 } },
      { "geneName": "ORF9b", "codonRange": { "begin": 49, "end": 98 } },
      { "geneName": "ORF9b", "codonRange": { "begin": 50, "end": 98 } },
      { "geneName": "ORF9b", "codonRange": { "begin": 51, "end": 98 } },
      { "geneName": "ORF9b", "codonRange": { "begin": 52, "end": 98 } },
      { "geneName": "ORF9b", "codonRange": { "begin": 53, "end": 98 } },
      { "geneName": "ORF9b", "codonRange": { "begin": 54, "end": 98 } },
      { "geneName": "ORF9b", "codonRange": { "begin": 55, "end": 98 } },
      { "geneName": "ORF9b", "codonRange": { "begin": 56, "end": 98 } },
      { "geneName": "ORF9b", "codonRange": { "begin": 57, "end": 98 } },
      { "geneName": "ORF9b", "codonRange": { "begin": 58, "end": 98 } },
      { "geneName": "ORF9b", "codonRange": { "begin": 59, "end": 98 } },
      { "geneName": "ORF9b", "codonRange": { "begin": 60, "end": 98 } },
      { "geneName": "ORF9b", "codonRange": { "begin": 61, "end": 98 } },
      { "geneName": "ORF9b", "codonRange": { "begin": 62, "end": 98 } },
      { "geneName": "ORF9b", "codonRange": { "begin": 63, "end": 98 } },
      { "geneName": "ORF9b", "codonRange": { "begin": 64, "end": 98 } },
      { "geneName": "ORF9b", "codonRange": { "begin": 65, "end": 98 } },
      { "geneName": "ORF9b", "codonRange": { "begin": 66, "end": 98 } },
      { "geneName": "ORF9b", "codonRange": { "begin": 67, "end": 98 } },
      { "geneName": "ORF9b", "codonRange": { "begin": 68, "end": 98 } },
      { "geneName": "ORF9b", "codonRange": { "begin": 69, "end": 98 } },
      { "geneName": "ORF9b", "codonRange": { "begin": 70, "end": 98 } },
      { "geneName": "ORF9b", "codonRange": { "begin": 71, "end": 98 } },
      { "geneName": "ORF9b", "codonRange": { "begin": 72, "end": 98 } },
      { "geneName": "ORF9b", "codonRange": { "begin": 73, "end": 98 } },
      { "geneName": "ORF9b", "codonRange": { "begin": 74, "end": 98 } },
      { "geneName": "ORF9b", "codonRange": { "begin": 75, "end": 98 } },
      { "geneName": "ORF9b", "codonRange": { "begin": 76, "end": 98 } },
      { "geneName": "ORF9b", "codonRange": { "begin": 77, "end": 98 } },
      { "geneName": "ORF9b", "codonRange": { "begin": 78, "end": 98 } },
      { "geneName": "ORF9b", "codonRange": { "begin": 79, "end": 98 } },
      { "geneName": "ORF9b", "codonRange": { "begin": 80, "end": 98 } },
      { "geneName": "ORF9b", "codonRange": { "begin": 81, "end": 98 } },
      { "geneName": "ORF9b", "codonRange": { "begin": 82, "end": 98 } },
      { "geneName": "ORF9b", "codonRange": { "begin": 83, "end": 98 } },
      { "geneName": "ORF9b", "codonRange": { "begin": 84, "end": 98 } },
      { "geneName": "ORF9b", "codonRange": { "begin": 85, "end": 98 } },
      { "geneName": "ORF9b", "codonRange": { "begin": 86, "end": 98 } },
      { "geneName": "ORF9b", "codonRange": { "begin": 87, "end": 98 } },
      { "geneName": "ORF9b", "codonRange": { "begin": 88, "end": 98 } },
      { "geneName": "ORF9b", "codonRange": { "begin": 89, "end": 98 } },
      { "geneName": "ORF9b", "codonRange": { "begin": 90, "end": 98 } },
      { "geneName": "ORF9b", "codonRange": { "begin": 91, "end": 98 } },
      { "geneName": "ORF9b", "codonRange": { "begin": 92, "end": 98 } },
      { "geneName": "ORF9b", "codonRange": { "begin": 93, "end": 98 } },
      { "geneName": "ORF9b", "codonRange": { "begin": 94, "end": 98 } },
      { "geneName": "ORF9b", "codonRange": { "begin": 95, "end": 98 } },
      { "geneName": "ORF9b", "codonRange": { "begin": 96, "end": 98 } },
      { "geneName": "ORF9b", "codonRange": { "begin": 97, "end": 98 } },
      { "geneName": "ORF9b", "codonRange": { "begin": 98, "end": 98 } }
    ]
  },
  "stopCodons": {
    "enabled": true,
    "ignoredStopCodons": [
      { "geneName": "N", "codon": 417 },
      { "geneName": "ORF3a", "codon": 238 },
      { "geneName": "ORF3a", "codon": 240 },
      { "geneName": "ORF3a", "codon": 241 },
      { "geneName": "ORF3a", "codon": 244 },
      { "geneName": "ORF3a", "codon": 251 },
      { "geneName": "ORF3a", "codon": 253 },
      { "geneName": "ORF3a", "codon": 260 },
      { "geneName": "ORF3a", "codon": 263 },
      { "geneName": "ORF3a", "codon": 265 },
      { "geneName": "ORF6", "codon": 7 },
      { "geneName": "ORF6", "codon": 12 },
      { "geneName": "ORF6", "codon": 22 },
      { "geneName": "ORF6", "codon": 26 },
      { "geneName": "ORF6", "codon": 30 },
      { "geneName": "ORF6", "codon": 42 },
      { "geneName": "ORF6", "codon": 45 },
      { "geneName": "ORF6", "codon": 48 },
      { "geneName": "ORF6", "codon": 50 },
      { "geneName": "ORF6", "codon": 53 },
      { "geneName": "ORF6", "codon": 54 },
      { "geneName": "ORF6", "codon": 55 },
      { "geneName": "ORF6", "codon": 58 },
      { "geneName": "ORF7a", "codon": 34 },
      { "geneName": "ORF7a", "codon": 37 },
      { "geneName": "ORF7a", "codon": 39 },
      { "geneName": "ORF7a", "codon": 40 },
      { "geneName": "ORF7a", "codon": 43 },
      { "geneName": "ORF7a", "codon": 52 },
      { "geneName": "ORF7a", "codon": 61 },
      { "geneName": "ORF7a", "codon": 71 },
      { "geneName": "ORF7a", "codon": 74 },
      { "geneName": "ORF7a", "codon": 75 },
      { "geneName": "ORF7a", "codon": 76 },
      { "geneName": "ORF7a", "codon": 79 },
      { "geneName": "ORF7a", "codon": 80 },
      { "geneName": "ORF7a", "codon": 82 },
      { "geneName": "ORF7a", "codon": 84 },
      { "geneName": "ORF7a", "codon": 88 },
      { "geneName": "ORF7a", "codon": 89 },
      { "geneName": "ORF7a", "codon": 90 },
      { "geneName": "ORF7a", "codon": 91 },
      { "geneName": "ORF7a", "codon": 93 },
      { "geneName": "ORF7a", "codon": 94 },
      { "geneName": "ORF7a", "codon": 96 },
      { "geneName": "ORF7a", "codon": 112 },
      { "geneName": "ORF7a", "codon": 116 },
      { "geneName": "ORF7a", "codon": 117 },
      { "geneName": "ORF7a", "codon": 120 },
      { "geneName": "ORF7b", "codon": 2 },
      { "geneName": "ORF7b", "codon": 4 },
      { "geneName": "ORF7b", "codon": 9 },
      { "geneName": "ORF7b", "codon": 11 },
      { "geneName": "ORF7b", "codon": 13 },
      { "geneName": "ORF7b", "codon": 18 },
      { "geneName": "ORF7b", "codon": 28 },
      { "geneName": "ORF7b", "codon": 30 },
      { "geneName": "ORF7b", "codon": 32 },
      { "geneName": "ORF7b", "codon": 34 },
      { "geneName": "ORF7b", "codon": 38 },
      { "geneName": "ORF8", "codon": 7 },
      { "geneName": "ORF8", "codon": 17 },
      { "geneName": "ORF8", "codon": 18 },
      { "geneName": "ORF8", "codon": 22 },
      { "geneName": "ORF8", "codon": 26 },
      { "geneName": "ORF8", "codon": 28 },
      { "geneName": "ORF8", "codon": 44 },
      { "geneName": "ORF8", "codon": 49 },
      { "geneName": "ORF8", "codon": 53 },
      { "geneName": "ORF8", "codon": 58 },
      { "geneName": "ORF8", "codon": 59 },
      { "geneName": "ORF8", "codon": 63 },
      { "geneName": "ORF8", "codon": 67 },
      { "geneName": "ORF8", "codon": 71 },
      { "geneName": "ORF8", "codon": 89 },
      { "geneName": "ORF8", "codon": 90 },
      { "geneName": "ORF8", "codon": 91 },
      { "geneName": "ORF8", "codon": 94 },
      { "geneName": "ORF8", "codon": 102 },
      { "geneName": "ORF8", "codon": 104 },
      { "geneName": "ORF8", "codon": 105 },
      { "geneName": "ORF8", "codon": 109 },
      { "geneName": "ORF9b", "codon": 6 },
      { "geneName": "ORF9b", "codon": 19 },
      { "geneName": "ORF9b", "codon": 33 },
      { "geneName": "ORF9b", "codon": 64 },
      { "geneName": "ORF9b", "codon": 76 },
      { "geneName": "ORF9b", "codon": 85 }
    ]
  }
}
